replicate,condition,pre_primary,post_primary,improvement,pre_lines_cleared,post_lines_cleared,lines_improvement,pre_elo,post_elo,training_steps,diagnosed_weakness,pre_hole_avoidance,post_hole_avoidance,pre_stack_height_management,post_stack_height_management,pre_surface_smoothness,post_surface_smoothness,pre_line_clearing_efficiency,post_line_clearing_efficiency
0,control,28.333333333333332,26.333333333333332,-2.0,0.16666666666666666,0.0,-0.16666666666666666,1500.0,1477.8716836114604,40,,-37.12050450922346,-41.21919847463326,-13.283763126970394,-14.1489437159727,-17.88352443337983,-22.309341691588067,0.005952380952380952,0.0
0,rating_only,28.333333333333332,28.333333333333332,0.0,0.16666666666666666,0.16666666666666666,0.0,1500.0,1518.3448301939948,40,,-37.12050450922346,-39.247767857142854,-13.283763126970394,-14.00492216117216,-17.88352443337983,-21.320798992673993,0.005952380952380952,0.005952380952380952
0,rating_history,28.333333333333332,26.0,-2.333333333333332,0.16666666666666666,0.16666666666666666,0.0,1500.0,1503.7834861945448,40,hole_avoidance,-37.12050450922346,-40.28613688780356,-13.283763126970394,-13.664433652766986,-17.88352443337983,-21.091581628248296,0.005952380952380952,0.005952380952380952
1,control,27.833333333333332,25.5,-2.333333333333332,0.0,0.16666666666666666,0.16666666666666666,1500.0,1493.2190858862648,40,,-39.33252873563218,-37.27996418457438,-13.295670498084291,-12.846515399707554,-16.444176245210727,-18.650826207266736,0.0,0.005747126436781609
1,rating_only,27.833333333333332,26.0,-1.8333333333333321,0.0,0.16666666666666666,0.16666666666666666,1500.0,1503.5157716543397,40,,-39.33252873563218,-38.05469531717658,-13.295670498084291,-13.179047207165649,-16.444176245210727,-19.586684048085846,0.0,0.005952380952380952
1,rating_history,27.833333333333332,26.0,-1.8333333333333321,0.0,0.16666666666666666,0.16666666666666666,1500.0,1503.2651424593955,40,hole_avoidance,-39.33252873563218,-38.05469531717658,-13.295670498084291,-13.179047207165649,-16.444176245210727,-19.586684048085846,0.0,0.005952380952380952
2,control,26.666666666666668,29.166666666666668,2.5,0.16666666666666666,0.16666666666666666,0.0,1500.0,1531.263693206478,40,,-37.77753998874688,-33.1051074010506,-13.661863998070894,-13.535995767670464,-18.8145116377875,-19.476063337580833,0.005747126436781609,0.005208333333333333
2,rating_only,26.666666666666668,24.833333333333332,-1.8333333333333357,0.16666666666666666,0.0,-0.16666666666666666,1500.0,1484.0339081301693,40,,-37.77753998874688,-39.607915844266415,-13.661863998070894,-12.978954293896823,-18.8145116377875,-19.082362417276208,0.005747126436781609,0.0
2,rating_history,26.666666666666668,26.5,-0.16666666666666785,0.16666666666666666,0.0,-0.16666666666666666,1500.0,1484.7023986633528,40,hole_avoidance,-37.77753998874688,-37.96986354775829,-13.661863998070894,-14.109306983934934,-18.8145116377875,-20.1788649145213,0.005747126436781609,0.0
3,control,24.5,26.666666666666668,2.166666666666668,0.0,0.16666666666666666,0.16666666666666666,1500.0,1497.1647549465401,40,,-38.59720695970696,-40.54301892551892,-13.710641518974853,-13.418288072081175,-20.89872750706084,-18.87122931666035,0.0,0.005747126436781609
3,rating_only,24.5,26.333333333333332,1.8333333333333321,0.0,0.0,0.0,1500.0,1462.8262022532917,40,,-38.59720695970696,-38.2086844627137,-13.710641518974853,-12.979888604232682,-20.89872750706084,-17.90401708486416,0.0,0.0
3,rating_history,24.5,28.0,3.5,0.0,0.3333333333333333,0.3333333333333333,1500.0,1540.0090428001681,40,hole_avoidance,-38.59720695970696,-41.484262371615316,-13.710641518974853,-13.734325396825398,-20.89872750706084,-18.58935866013072,0.0,0.01011029411764706
4,control,26.666666666666668,27.5,0.8333333333333321,0.0,0.0,0.0,1500.0,1500.0,40,,-37.70031099786383,-33.05359177859178,-13.188246364622893,-12.650342558675892,-18.03476427941111,-16.895855379188713,0.0,0.0
4,rating_only,26.666666666666668,24.166666666666668,-2.5,0.0,0.0,0.0,1500.0,1500.0,40,,-37.70031099786383,-39.999481074481075,-13.188246364622893,-13.65813492063492,-18.03476427941111,-19.62104700854701,0.0,0.0
4,rating_history,26.666666666666668,24.0,-2.666666666666668,0.0,0.0,0.0,1500.0,1500.0,40,hole_avoidance,-37.70031099786383,-38.6482905982906,-13.188246364622893,-13.565277777777778,-18.03476427941111,-20.18215811965812,0.0,0.0
5,control,28.0,28.5,0.5,0.0,0.0,0.0,1500.0,1484.0,40,,-40.22619629474468,-35.24455267757826,-13.372300190848577,-13.426639652523969,-17.666954685099846,-19.955486519413107,0.0,0.0
5,rating_only,28.0,27.0,-1.0,0.0,0.0,0.0,1500.0,1484.736306793522,40,,-40.22619629474468,-34.04919818593451,-13.372300190848577,-13.60590603851005,-17.666954685099846,-24.581352009434845,0.0,0.0
5,rating_history,28.0,27.166666666666668,-0.8333333333333321,0.0,0.16666666666666666,0.16666666666666666,1500.0,1531.263693206478,40,hole_avoidance,-40.22619629474468,-37.82686766405157,-13.372300190848577,-13.753248950921364,-17.666954685099846,-20.327222982424132,0.0,0.005555555555555556
6,control,29.666666666666668,28.833333333333332,-0.8333333333333357,0.0,0.16666666666666666,0.16666666666666666,1500.0,1497.2790609856247,40,,-33.7128742188218,-33.82732032627866,-13.21382082299421,-12.534997795414462,-17.717756103912016,-16.512577160493827,0.0,0.005208333333333333
6,rating_only,29.666666666666668,25.666666666666668,-4.0,0.0,0.16666666666666666,0.16666666666666666,1500.0,1501.4021890822173,40,,-33.7128742188218,-41.947192028985505,-13.21382082299421,-13.89500670960816,-17.717756103912016,-19.283965713902308,0.0,0.005208333333333333
6,rating_history,29.666666666666668,25.666666666666668,-4.0,0.0,0.16666666666666666,0.16666666666666666,1500.0,1501.318749932158,40,hole_avoidance,-33.7128742188218,-41.947192028985505,-13.21382082299421,-13.89500670960816,-17.717756103912016,-19.283965713902308,0.0,0.005208333333333333
7,control,26.5,26.0,-0.5,0.3333333333333333,0.0,-0.3333333333333333,1500.0,1484.736306793522,40,,-43.51316467427662,-39.84525559941168,-13.690786009111847,-13.504167093241502,-19.379960033210907,-21.532647908655168,0.012993503248375811,0.0
7,rating_only,26.5,27.833333333333332,1.3333333333333321,0.3333333333333333,0.16666666666666666,-0.16666666666666666,1500.0,1531.2298601853572,40,,-43.51316467427662,-40.53038778590503,-13.690786009111847,-14.078045977011493,-19.379960033210907,-21.236492511320098,0.012993503248375811,0.005747126436781609
7,rating_history,26.5,27.0,0.5,0.3333333333333333,0.0,-0.3333333333333333,1500.0,1484.0338330211207,40,hole_avoidance,-43.51316467427662,-38.74967149061352,-13.690786009111847,-13.727302354113949,-19.379960033210907,-21.654155425894558,0.012993503248375811,0.0
8,control,26.0,26.666666666666668,0.6666666666666679,0.0,0.0,0.0,1500.0,1466.3982767474292,40,,-39.66310344827586,-37.36647214854111,-13.251361521620142,-13.456065428824049,-20.161538040503558,-19.549283819628645,0.0,0.0
8,rating_only,26.0,26.833333333333332,0.8333333333333321,0.0,0.3333333333333333,0.3333333333333333,1500.0,1537.348144289428,40,,-39.66310344827586,-37.6145362566265,-13.251361521620142,-13.384405372789205,-20.161538040503558,-20.03430298099798,0.0,0.011328725038402458
8,rating_history,26.0,25.666666666666668,-0.33333333333333215,0.0,0.16666666666666666,0.16666666666666666,1500.0,1496.2535789631427,40,hole_avoidance,-39.66310344827586,-36.86747766226777,-13.251361521620142,-13.000240264483143,-20.161538040503558,-19.552292306227837,0.0,0.005952380952380952
9,control,28.333333333333332,27.666666666666668,-0.6666666666666643,0.3333333333333333,0.3333333333333333,0.0,1500.0,1496.262354005706,40,,-38.043255664088996,-36.3330097570689,-13.551579246370913,-13.368780746677484,-18.953424314882646,-20.229140587779817,0.010416666666666666,0.011123470522803115
9,rating_only,28.333333333333332,28.166666666666668,-0.1666666666666643,0.3333333333333333,0.3333333333333333,0.0,1500.0,1507.8222312186078,40,,-38.043255664088996,-35.53411204983786,-13.551579246370913,-13.528183684097662,-18.953424314882646,-22.113759384532234,0.010416666666666666,0.010584677419354838
9,rating_history,28.333333333333332,27.666666666666668,-0.6666666666666643,0.3333333333333333,0.3333333333333333,0.0,1500.0,1495.9154147756863,40,hole_avoidance,-38.043255664088996,-36.3330097570689,-13.551579246370913,-13.368780746677484,-18.953424314882646,-20.229140587779817,0.010416666666666666,0.011123470522803115
10,control,26.333333333333332,27.666666666666668,1.3333333333333357,0.0,0.6666666666666666,0.6666666666666666,1500.0,1484.736306793522,40,,-36.72187054620838,-37.13768010839615,-12.727201214207712,-13.555822545716389,-17.37546041793918,-18.607394246425176,0.0,0.02129817444219067
10,rating_only,26.333333333333332,27.833333333333332,1.5,0.0,0.8333333333333334,0.8333333333333334,1500.0,1531.2298601853572,40,,-36.72187054620838,-37.345005377213354,-12.727201214207712,-13.575143782275529,-17.37546041793918,-18.72096951524238,0.0,0.026506507775524
10,rating_history,26.333333333333332,27.666666666666668,1.3333333333333357,0.0,0.6666666666666666,0.6666666666666666,1500.0,1484.0338330211207,40,hole_avoidance,-36.72187054620838,-37.13768010839615,-12.727201214207712,-13.555822545716389,-17.37546041793918,-18.607394246425176,0.0,0.02129817444219067
11,control,28.5,28.833333333333332,0.33333333333333215,0.0,0.0,0.0,1500.0,1481.1881851620626,40,,-39.44776532329369,-35.13833407971339,-13.547194033256325,-13.497269492959148,-18.183814019375756,-19.9055829228243,0.0,0.0
11,rating_only,28.5,28.166666666666668,-0.33333333333333215,0.0,0.3333333333333333,0.3333333333333333,1500.0,1538.0147899541207,40,,-39.44776532329369,-34.54968013468013,-13.547194033256325,-13.425847362514029,-18.183814019375756,-19.464295735129067,0.0,0.010606060606060607
11,rating_history,28.5,26.0,-2.5,0.0,0.0,0.0,1500.0,1480.7970248838167,40,hole_avoidance,-39.44776532329369,-34.8164679615829,-13.547194033256325,-13.185321811011466,-18.183814019375756,-23.68207733943366,0.0,0.0
12,control,27.666666666666668,28.666666666666668,1.0,0.0,0.3333333333333333,0.3333333333333333,1500.0,1511.526311287191,40,,-39.75430625143269,-36.014683950060295,-13.638166697074743,-13.266271872293377,-17.562787999569608,-16.669523161028536,0.0,0.010426849136526556
12,rating_only,27.666666666666668,28.666666666666668,1.0,0.0,0.16666666666666666,0.16666666666666666,1500.0,1476.586902223225,40,,-39.75430625143269,-35.453876370543036,-13.638166697074743,-13.422122938789606,-17.562787999569608,-18.263044979711648,0.0,0.005050505050505051
12,rating_history,27.666666666666668,28.666666666666668,1.0,0.0,0.3333333333333333,0.3333333333333333,1500.0,1511.886786489584,40,hole_avoidance,-39.75430625143269,-36.014683950060295,-13.638166697074743,-13.266271872293377,-17.562787999569608,-16.669523161028536,0.0,0.010426849136526556
13,control,27.5,28.666666666666668,1.1666666666666679,0.16666666666666666,0.0,-0.16666666666666666,1500.0,1484.0,40,,-39.018844352752396,-32.73914342362618,-13.608411107836396,-12.993312051932742,-19.524822346661427,-19.48546290873877,0.005747126436781609,0.0
13,rating_only,27.5,28.166666666666668,0.6666666666666679,0.16666666666666666,0.0,-0.16666666666666666,1500.0,1484.736306793522,40,,-39.018844352752396,-34.5816739804504,-13.608411107836396,-13.390423629022072,-19.524822346661427,-20.921901420789073,0.005747126436781609,0.0
13,rating_history,27.5,29.333333333333332,1.8333333333333321,0.16666666666666666,0.16666666666666666,0.0,1500.0,1531.263693206478,40,hole_avoidance,-39.018844352752396,-37.620135603969494,-13.608411107836396,-13.406350790066028,-19.524822346661427,-17.737442076181416,0.005747126436781609,0.005050505050505051
14,control,29.333333333333332,27.333333333333332,-2.0,0.6666666666666666,0.16666666666666666,-0.5,1500.0,1483.7549786405673,40,,-36.464480256865315,-37.4725172975173,-13.797136112078642,-12.987230362230363,-19.59148670614188,-19.95307624474291,0.019624819624819625,0.005555555555555556
14,rating_only,29.333333333333332,26.5,-2.833333333333332,0.6666666666666666,0.0,-0.6666666666666666,1500.0,1467.5025337012833,40,,-36.464480256865315,-36.530942221197094,-13.797136112078642,-13.261281813305802,-19.59148670614188,-20.553951321042774,0.019624819624819625,0.0
14,rating_history,29.333333333333332,27.5,-1.8333333333333321,0.6666666666666666,0.5,-0.16666666666666663,1500.0,1548.7424876581495,40,hole_avoidance,-36.464480256865315,-36.99822237783404,-13.797136112078642,-13.086210937601418,-19.59148670614188,-18.233895579443395,0.019624819624819625,0.01555104800540906
15,control,27.0,26.5,-0.5,0.0,0.0,0.0,1500.0,1484.0,40,,-38.90285375118708,-37.607272300967956,-13.541854565187899,-13.141754083275822,-19.35713132546466,-19.569106339178802,0.0,0.0
15,rating_only,27.0,27.166666666666668,0.16666666666666785,0.0,0.0,0.0,1500.0,1484.736306793522,40,,-38.90285375118708,-37.33192791005291,-13.541854565187899,-13.46970238095238,-19.35713132546466,-19.261134259259258,0.0,0.0
15,rating_history,27.0,27.666666666666668,0.6666666666666679,0.0,0.16666666666666666,0.16666666666666666,1500.0,1531.263693206478,40,hole_avoidance,-38.90285375118708,-37.99214010004333,-13.541854565187899,-13.342715152231282,-19.35713132546466,-17.833560400173305,0.0,0.006410256410256411
16,control,28.5,25.5,-3.0,0.16666666666666666,0.0,-0.16666666666666666,1500.0,1486.7343597853142,40,,-36.81819667355263,-37.52623195778993,-13.381873068841923,-13.048672043201028,-18.18338400692127,-20.90198719423357,0.005376344086021505,0.0
16,rating_only,28.5,29.5,1.0,0.16666666666666666,0.16666666666666666,0.0,1500.0,1527.0434691181956,40,,-36.81819667355263,-39.99174832112332,-13.381873068841923,-13.274594502719502,-18.18338400692127,-16.421272755022756,0.005376344086021505,0.005208333333333333
16,rating_history,28.5,28.0,-0.5,0.16666666666666666,0.0,-0.16666666666666666,1500.0,1486.2221710964902,40,hole_avoidance,-36.81819667355263,-38.03378066378066,-13.381873068841923,-13.26020202020202,-18.18338400692127,-18.0843759018759,0.005376344086021505,0.0
17,control,27.333333333333332,28.166666666666668,0.8333333333333357,0.0,0.0,0.0,1500.0,1489.7316204839078,40,,-42.691883780332056,-38.192946803296266,-14.21713282247765,-13.204008899304597,-17.452482971477224,-17.47104854026897,0.0,0.0
17,rating_only,27.333333333333332,27.333333333333332,0.0,0.0,0.0,0.0,1500.0,1489.9897403489408,40,,-42.691883780332056,-37.489506172839505,-14.21713282247765,-13.513311862587225,-17.452482971477224,-19.00738056897477,0.0,0.0
17,rating_history,27.333333333333332,26.5,-0.8333333333333321,0.0,0.16666666666666666,0.16666666666666666,1500.0,1520.2786391671514,40,hole_avoidance,-42.691883780332056,-40.1528073181299,-14.21713282247765,-13.859744869825516,-17.452482971477224,-19.195288806175903,0.0,0.006410256410256411
18,control,27.166666666666668,26.666666666666668,-0.5,0.16666666666666666,0.0,-0.16666666666666666,1500.0,1488.0930006490428,40,,-38.95739286045971,-36.91139884508164,-13.717290687772222,-13.120437710437711,-20.077378138112127,-17.797826653633106,0.0047619047619047615,0.0
18,rating_only,27.166666666666668,28.166666666666668,1.0,0.16666666666666666,0.0,-0.16666666666666666,1500.0,1488.476205319311,40,,-38.95739286045971,-35.975800317179626,-13.717290687772222,-13.985055015227429,-20.077378138112127,-21.42708119892028,0.0047619047619047615,0.0
18,rating_history,27.166666666666668,29.0,1.8333333333333321,0.16666666666666666,0.3333333333333333,0.16666666666666666,1500.0,1523.4307940316462,40,hole_avoidance,-38.95739286045971,-39.87244015940252,-13.717290687772222,-13.862929732553388,-20.077378138112127,-17.99881107542398,0.0047619047619047615,0.01075268817204301
19,control,26.833333333333332,28.0,1.1666666666666679,0.0,0.0,0.0,1500.0,1484.736306793522,40,,-40.98236133256123,-34.22316358024691,-14.663399451068116,-12.647630664088997,-19.999366718757024,-18.27103191561525,0.0,0.0
19,rating_only,26.833333333333332,29.833333333333332,3.0,0.0,0.16666666666666666,0.16666666666666666,1500.0,1531.2298601853572,40,,-40.98236133256123,-34.356458333333336,-14.663399451068116,-13.239048579109063,-19.999366718757024,-17.245394585253457,0.0,0.005208333333333333
19,rating_history,26.833333333333332,29.166666666666668,2.3333333333333357,0.0,0.0,0.0,1500.0,1484.0338330211207,40,hole_avoidance,-40.98236133256123,-34.82331053802828,-14.663399451068116,-13.358450879317814,-19.999366718757024,-16.432614271928788,0.0,0.0
20,control,27.5,24.666666666666668,-2.833333333333332,0.0,0.0,0.0,1500.0,1500.0,40,,-35.46682098765432,-38.959215595193854,-13.376388888888888,-13.189812027746811,-18.32716049382716,-21.5461532268054,0.0,0.0
20,rating_only,27.5,25.833333333333332,-1.6666666666666679,0.0,0.0,0.0,1500.0,1500.0,40,,-35.46682098765432,-38.389527260179435,-13.376388888888888,-12.872446514837819,-18.32716049382716,-19.034429108197223,0.0,0.0
20,rating_history,27.5,26.666666666666668,-0.8333333333333321,0.0,0.0,0.0,1500.0,1500.0,40,hole_avoidance,-35.46682098765432,-35.65529609279609,-13.376388888888888,-13.18476800976801,-18.32716049382716,-18.353021978021978,0.0,0.0
21,control,27.0,26.666666666666668,-0.33333333333333215,0.0,0.16666666666666666,0.16666666666666666,1500.0,1500.0,40,,-31.22440910344136,-40.46324755491422,-12.994158395368073,-13.228485650152317,-23.724182627408435,-19.680576398909732,0.0,0.005555555555555556
21,rating_only,27.0,26.666666666666668,-0.33333333333333215,0.0,0.16666666666666666,0.16666666666666666,1500.0,1500.0,40,,-31.22440910344136,-40.01844236010903,-12.994158395368073,-13.29233846400513,-23.724182627408435,-19.117264710598043,0.0,0.005555555555555556
21,rating_history,27.0,26.666666666666668,-0.33333333333333215,0.0,0.16666666666666666,0.16666666666666666,1500.0,1500.0,40,hole_avoidance,-31.22440910344136,-40.67929693763027,-12.994158395368073,-13.228485650152317,-23.724182627408435,-19.316378868045536,0.0,0.005555555555555556
22,control,27.0,28.5,1.5,0.0,0.16666666666666666,0.16666666666666666,1500.0,1511.526311287191,40,,-38.45859051679932,-34.23954305725139,-13.146958973872131,-13.224479802604803,-17.483680983697106,-20.196089404422736,0.0,0.005952380952380952
22,rating_only,27.0,27.0,0.0,0.0,0.0,0.0,1500.0,1476.586902223225,40,,-38.45859051679932,-35.49702696305806,-13.146958973872131,-12.890196711447377,-17.483680983697106,-17.044365542406844,0.0,0.0
22,rating_history,27.0,28.5,1.5,0.0,0.16666666666666666,0.16666666666666666,1500.0,1511.886786489584,40,hole_avoidance,-38.45859051679932,-32.890653058361394,-13.146958973872131,-12.946891835016835,-17.483680983697106,-17.728504489337823,0.0,0.005050505050505051
23,control,26.5,27.0,0.5,0.16666666666666666,0.16666666666666666,0.0,1500.0,1520.9994575333424,40,,-39.889836919147264,-38.31609810479376,-13.44726643088712,-13.347473589212719,-18.728473654910438,-18.580188193449064,0.005555555555555556,0.005555555555555556
23,rating_only,26.5,27.0,0.5,0.16666666666666666,0.0,-0.16666666666666666,1500.0,1474.0231421204358,40,,-39.889836919147264,-37.80671925941791,-13.44726643088712,-13.452185216915352,-18.728473654910438,-17.8455748316318,0.005555555555555556,0.0
23,rating_history,26.5,28.833333333333332,2.333333333333332,0.16666666666666666,0.16666666666666666,0.0,1500.0,1504.9774003462219,40,hole_avoidance,-39.889836919147264,-37.71232831698163,-13.44726643088712,-13.11040633037296,-18.728473654910438,-16.455227785919295,0.005555555555555556,0.005376344086021505
24,control,28.0,25.833333333333332,-2.166666666666668,0.3333333333333333,0.0,-0.3333333333333333,1500.0,1473.7316204839078,40,,-39.42350859017526,-37.99717338217338,-13.104449624449625,-13.104041514041514,-18.234530777864112,-18.028345543345544,0.01122334455667789,0.0
24,rating_only,28.0,26.0,-2.0,0.3333333333333333,0.0,-0.3333333333333333,1500.0,1474.7161049423871,40,,-39.42350859017526,-39.65776704138773,-13.104449624449625,-13.590472506420783,-18.234530777864112,-18.510036419519178,0.01122334455667789,0.0
24,rating_history,28.0,27.833333333333332,-0.16666666666666785,0.3333333333333333,0.5,0.16666666666666669,1500.0,1551.552274573705,40,hole_avoidance,-39.42350859017526,-35.2669244335911,-13.104449624449625,-13.295665445665446,-18.234530777864112,-20.00495522995523,0.01122334455667789,0.017063492063492062
25,control,26.5,26.5,0.0,0.0,0.0,0.0,1500.0,1500.0,40,,-36.15410052910053,-37.65433182218415,-13.529465133631799,-13.330835951072082,-21.6815815357482,-20.218833737892957,0.0,0.0
25,rating_only,26.5,26.5,0.0,0.0,0.0,0.0,1500.0,1500.0,40,,-36.15410052910053,-37.65433182218415,-13.529465133631799,-13.330835951072082,-21.6815815357482,-20.218833737892957,0.0,0.0
25,rating_history,26.5,23.833333333333332,-2.666666666666668,0.0,0.0,0.0,1500.0,1500.0,40,hole_avoidance,-36.15410052910053,-39.889845679012346,-13.529465133631799,-13.105485008818341,-21.6815815357482,-21.067544091710758,0.0,0.0
26,control,27.166666666666668,25.5,-1.6666666666666679,0.16666666666666666,0.0,-0.16666666666666666,1500.0,1484.736306793522,40,,-33.633434343434345,-38.10642720306513,-12.684007121018615,-13.599588122605365,-18.918891210960176,-20.50154214559387,0.007575757575757576,0.0
26,rating_only,27.166666666666668,27.166666666666668,0.0,0.16666666666666666,0.16666666666666666,0.0,1500.0,1531.2298601853572,40,,-33.633434343434345,-38.100971538040504,-12.684007121018615,-13.54347990026151,-18.918891210960176,-17.80514352612054,0.007575757575757576,0.005747126436781609
26,rating_history,27.166666666666668,25.5,-1.6666666666666679,0.16666666666666666,0.0,-0.16666666666666666,1500.0,1484.0338330211207,40,hole_avoidance,-33.633434343434345,-38.10642720306513,-12.684007121018615,-13.599588122605365,-18.918891210960176,-20.50154214559387,0.007575757575757576,0.0
27,control,27.0,27.833333333333332,0.8333333333333321,0.16666666666666666,0.0,-0.16666666666666666,1500.0,1465.8520762554574,40,,-37.3780925247592,-37.03844358256123,-13.247895807895809,-13.035132714054283,-20.680572513905847,-17.011416959946374,0.005555555555555556,0.0
27,rating_only,27.0,30.333333333333332,3.333333333333332,0.16666666666666666,1.0,0.8333333333333334,1500.0,1542.801944528334,40,,-37.3780925247592,-39.28165584415584,-13.247895807895809,-13.582525653358987,-20.680572513905847,-20.096093875260543,0.005555555555555556,0.02638888888888889
27,rating_history,27.0,29.833333333333332,2.833333333333332,0.16666666666666666,0.16666666666666666,0.0,1500.0,1491.3459792162087,40,hole_avoidance,-37.3780925247592,-33.017395871956495,-13.247895807895809,-13.21933629959214,-20.680572513905847,-19.824786800148313,0.005555555555555556,0.005747126436781609
28,control,27.166666666666668,25.5,-1.6666666666666679,0.0,0.0,0.0,1500.0,1491.1460927236583,40,,-37.841296384774644,-35.519044566544565,-13.821100438791593,-12.81080586080586,-21.328913839783404,-18.398525641025643,0.0,0.0
28,rating_only,27.166666666666668,26.0,-1.1666666666666679,0.0,0.0,0.0,1500.0,1491.305604326331,40,,-37.841296384774644,-35.768364197530865,-13.821100438791593,-12.807804232804234,-21.328913839783404,-16.938514109347445,0.0,0.0
28,rating_history,27.166666666666668,28.833333333333332,1.6666666666666643,0.0,0.3333333333333333,0.3333333333333333,1500.0,1517.5483029500108,40,hole_avoidance,-37.841296384774644,-38.466668937219225,-13.821100438791593,-13.187863626288674,-21.328913839783404,-16.463848370337935,0.0,0.00980392156862745
29,control,26.0,28.666666666666668,2.666666666666668,0.16666666666666666,0.0,-0.16666666666666666,1500.0,1500.0,40,,-38.708753163100994,-36.99942803766497,-13.24778678782302,-13.234103216027576,-19.226459819032282,-16.28054472409311,0.006172839506172839,0.0
29,rating_only,26.0,27.5,1.5,0.16666666666666666,0.0,-0.16666666666666666,1500.0,1500.0,40,,-38.708753163100994,-38.219196033851205,-13.24778678782302,-12.978337754199824,-19.226459819032282,-16.436986863711002,0.006172839506172839,0.0
29,rating_history,26.0,27.5,1.5,0.16666666666666666,0.0,-0.16666666666666666,1500.0,1500.0,40,hole_avoidance,-38.708753163100994,-38.219196033851205,-13.24778678782302,-12.978337754199824,-19.226459819032282,-16.436986863711002,0.006172839506172839,0.0
30,control,24.833333333333332,27.333333333333332,2.5,0.0,0.0,0.0,1500.0,1477.2999910841065,40,,-39.746423595561524,-35.16311195622205,-13.812773672687467,-13.487256056628427,-20.93758396775638,-20.284687308950982,0.0,0.0
30,rating_only,24.833333333333332,27.333333333333332,2.5,0.0,0.0,0.0,1500.0,1477.9997271295044,40,,-39.746423595561524,-35.16311195622205,-13.812773672687467,-13.487256056628427,-20.93758396775638,-20.284687308950982,0.0,0.0
30,rating_history,24.833333333333332,27.333333333333332,2.5,0.0,0.3333333333333333,0.3333333333333333,1500.0,1544.700281786389,40,hole_avoidance,-39.746423595561524,-36.36324575807335,-13.812773672687467,-12.916590646475704,-20.93758396775638,-19.52475825579274,0.0,0.011111111111111112
31,control,25.833333333333332,25.666666666666668,-0.1666666666666643,0.0,0.0,0.0,1500.0,1500.0,40,,-40.318447381925644,-36.44557560607161,-13.690946275946276,-13.281267119289359,-21.04328523060407,-23.89343966549489,0.0,0.0
31,rating_only,25.833333333333332,26.166666666666668,0.3333333333333357,0.0,0.0,0.0,1500.0,1500.0,40,,-40.318447381925644,-35.69949667616334,-13.690946275946276,-13.632241215574549,-21.04328523060407,-24.13843304843305,0.0,0.0
31,rating_history,25.833333333333332,26.5,0.6666666666666679,0.0,0.0,0.0,1500.0,1500.0,40,hole_avoidance,-40.318447381925644,-35.60443494776828,-13.690946275946276,-13.60903133903134,-21.04328523060407,-23.536457739791075,0.0,0.0
32,control,28.166666666666668,24.666666666666668,-3.5,0.5,0.0,-0.5,1500.0,1500.0,40,,-42.763665288567836,-41.24079803047194,-13.495556615631578,-12.791783620298114,-18.02234337376766,-16.13810603245386,0.016353187042842214,0.0
32,rating_only,28.166666666666668,26.333333333333332,-1.8333333333333357,0.5,0.0,-0.5,1500.0,1500.0,40,,-42.763665288567836,-36.99671446328118,-13.495556615631578,-12.905621035636027,-18.02234337376766,-18.16732274888197,0.016353187042842214,0.0
32,rating_history,28.166666666666668,26.333333333333332,-1.8333333333333357,0.5,0.0,-0.5,1500.0,1500.0,40,hole_avoidance,-42.763665288567836,-37.82736580427735,-13.495556615631578,-12.859644024141774,-18.02234337376766,-16.915023898307258,0.016353187042842214,0.0
33,control,26.666666666666668,27.666666666666668,1.0,0.16666666666666666,0.0,-0.16666666666666666,1500.0,1500.0,40,,-39.31921062105063,-36.36865048957003,-13.527176237363483,-12.690102171136655,-19.817219872953096,-16.646360153256705,0.005376344086021505,0.0
33,rating_only,26.666666666666668,27.666666666666668,1.0,0.16666666666666666,0.0,-0.16666666666666666,1500.0,1500.0,40,,-39.31921062105063,-36.04865048957003,-13.527176237363483,-12.730102171136654,-19.817219872953096,-16.799693486590037,0.005376344086021505,0.0
33,rating_history,26.666666666666668,29.333333333333332,2.6666666666666643,0.16666666666666666,0.0,-0.16666666666666666,1500.0,1500.0,40,hole_avoidance,-39.31921062105063,-33.426890432098766,-13.527176237363483,-12.842106481481482,-19.817219872953096,-16.814791666666668,0.005376344086021505,0.0
34,control,28.333333333333332,27.333333333333332,-1.0,0.16666666666666666,0.3333333333333333,0.16666666666666666,1500.0,1516.0,40,,-36.360940767920745,-39.04343868345738,-13.095340421536195,-13.688799097635002,-16.147186749105547,-21.5290216834747,0.005050505050505051,0.011328725038402458
34,rating_only,28.333333333333332,27.333333333333332,-1.0,0.16666666666666666,0.3333333333333333,0.16666666666666666,1500.0,1515.263693206478,40,,-36.360940767920745,-38.76082998780521,-13.095340421536195,-13.688799097635002,-16.147186749105547,-21.73916661101093,0.005050505050505051,0.011328725038402458
34,rating_history,28.333333333333332,26.666666666666668,-1.6666666666666643,0.16666666666666666,0.16666666666666666,0.0,1500.0,1468.736306793522,40,hole_avoidance,-36.360940767920745,-41.430674811051155,-13.095340421536195,-13.781749314007378,-16.147186749105547,-19.94811729489149,0.005050505050505051,0.005952380952380952
35,control,25.666666666666668,27.666666666666668,2.0,0.0,0.0,0.0,1500.0,1476.1837385846818,40,,-37.22503202075512,-36.182341231831174,-13.257362032571201,-12.809559424983275,-19.855850477064063,-15.62465251170711,0.0,0.0
35,rating_only,25.666666666666668,27.833333333333332,2.1666666666666643,0.0,0.16666666666666666,0.16666666666666666,1500.0,1507.004377345366,40,,-37.22503202075512,-37.60108404792313,-13.257362032571201,-13.615347925739101,-19.855850477064063,-18.16515039396945,0.0,0.005376344086021505
35,rating_history,25.666666666666668,28.333333333333332,2.6666666666666643,0.0,0.16666666666666666,0.16666666666666666,1500.0,1516.8118840699522,40,hole_avoidance,-37.22503202075512,-38.97422155324454,-13.257362032571201,-13.083018609742748,-19.855850477064063,-16.706822051936996,0.0,0.005747126436781609
36,control,26.833333333333332,26.833333333333332,0.0,0.3333333333333333,0.0,-0.3333333333333333,1500.0,1489.7316204839078,40,,-40.69012696703674,-38.03648080314747,-13.758442237553972,-12.993850902184235,-20.706079511021073,-18.30662732329399,0.01075268817204301,0.0
36,rating_only,26.833333333333332,26.833333333333332,0.0,0.3333333333333333,0.0,-0.3333333333333333,1500.0,1489.9897403489408,40,,-40.69012696703674,-37.33867860534527,-13.758442237553972,-12.931427214760548,-20.706079511021073,-16.999698141364807,0.01075268817204301,0.0
36,rating_history,26.833333333333332,26.833333333333332,0.0,0.3333333333333333,0.16666666666666666,-0.16666666666666666,1500.0,1520.2786391671514,40,hole_avoidance,-40.69012696703674,-36.50534527201194,-13.758442237553972,-12.889760548093882,-20.706079511021073,-18.07112671279338,0.01075268817204301,0.005952380952380952
37,control,26.833333333333332,28.166666666666668,1.3333333333333357,0.0,0.3333333333333333,0.3333333333333333,1500.0,1543.8932721262292,40,,-39.31307879009028,-36.750890920968786,-13.61363705472901,-13.372413030672208,-19.665816622713177,-19.828854531329505,0.0,0.010426849136526556
37,rating_only,26.833333333333332,26.0,-0.8333333333333321,0.0,0.0,0.0,1500.0,1477.7590109737548,40,,-39.31307879009028,-39.0590027605245,-13.61363705472901,-13.565055210489993,-19.665816622713177,-21.016801242236024,0.0,0.0
37,rating_history,26.833333333333332,27.333333333333332,0.5,0.0,0.0,0.0,1500.0,1478.347716900016,40,hole_avoidance,-39.31307879009028,-39.30965560230637,-13.61363705472901,-13.90203677731027,-19.665816622713177,-20.386911329281595,0.0,0.0
38,control,26.333333333333332,27.166666666666668,0.8333333333333357,0.16666666666666666,0.0,-0.16666666666666666,1500.0,1500.0,40,,-36.65784419298288,-37.04384375921014,-12.932230478676006,-13.826523111307594,-18.82501275817118,-20.241172020827193,0.006172839506172839,0.0
38,rating_only,26.333333333333332,27.166666666666668,0.8333333333333357,0.16666666666666666,0.0,-0.16666666666666666,1500.0,1500.0,40,,-36.65784419298288,-37.00444739168877,-12.932230478676006,-13.980529521564005,-18.82501275817118,-21.012539542194716,0.006172839506172839,0.0
38,rating_history,26.333333333333332,27.333333333333332,1.0,0.16666666666666666,0.0,-0.16666666666666666,1500.0,1500.0,40,hole_avoidance,-36.65784419298288,-37.38919540229885,-12.932230478676006,-13.863780332056194,-18.82501275817118,-21.851902937420178,0.006172839506172839,0.0
39,control,28.833333333333332,27.666666666666668,-1.1666666666666643,0.16666666666666666,0.3333333333333333,0.16666666666666666,1500.0,1497.979970127292,40,,-37.356911045943306,-39.14687334802277,-13.248326816552623,-13.914739847211113,-19.825262300423592,-19.39161567466165,0.005050505050505051,0.011699507389162561
39,rating_only,28.833333333333332,27.5,-1.3333333333333321,0.16666666666666666,0.5,0.33333333333333337,1500.0,1477.7340492325093,40,,-37.356911045943306,-38.35972764889432,-13.248326816552623,-13.447886989553655,-19.825262300423592,-20.55604124270791,0.005050505050505051,0.014285714285714285
39,rating_history,28.833333333333332,28.5,-0.33333333333333215,0.16666666666666666,0.6666666666666666,0.5,1500.0,1524.2859806401987,40,hole_avoidance,-37.356911045943306,-39.339082487603996,-13.248326816552623,-13.644661183102043,-19.825262300423592,-19.622277801847694,0.005050505050505051,0.01966205837173579
40,control,28.5,29.5,1.0,0.0,0.16666666666666666,0.16666666666666666,1500.0,1488.0930006490428,40,,-34.9162535202253,-33.867118606701936,-13.486203917050691,-12.902243165784832,-18.745342101894522,-17.572938712522046,0.0,0.005555555555555556
40,rating_only,28.5,29.5,1.0,0.0,0.16666666666666666,0.16666666666666666,1500.0,1488.476205319311,40,,-34.9162535202253,-33.81711860670194,-13.486203917050691,-12.902243165784832,-18.745342101894522,-17.7784942680776,0.0,0.005555555555555556
40,rating_history,28.5,27.5,-1.0,0.0,0.3333333333333333,0.3333333333333333,1500.0,1523.4307940316462,40,hole_avoidance,-34.9162535202253,-36.43623910970782,-13.486203917050691,-13.607578631958983,-18.745342101894522,-21.658491625922828,0.0,0.01093189964157706
41,control,26.166666666666668,25.833333333333332,-0.3333333333333357,0.0,0.0,0.0,1500.0,1500.0,40,,-44.58770146520146,-42.49406222279259,-14.019642857142857,-13.32095424236985,-18.344236874236874,-19.87966664922792,0.0,0.0
41,rating_only,26.166666666666668,25.833333333333332,-0.3333333333333357,0.0,0.0,0.0,1500.0,1500.0,40,,-44.58770146520146,-43.391829817691885,-14.019642857142857,-13.54888109974317,-18.344236874236874,-19.447476948339016,0.0,0.0
41,rating_history,26.166666666666668,25.833333333333332,-0.3333333333333357,0.0,0.0,0.0,1500.0,1500.0,40,hole_avoidance,-44.58770146520146,-43.391829817691885,-14.019642857142857,-13.54888109974317,-18.344236874236874,-19.447476948339016,0.0,0.0
42,control,25.833333333333332,27.5,1.6666666666666679,0.3333333333333333,0.16666666666666666,-0.16666666666666666,1500.0,1496.8546596702452,40,,-37.41800072186129,-35.244535581901175,-13.070139930034983,-12.729065737130254,-20.110214337275806,-17.852700863453553,0.011904761904761904,0.005376344086021505
42,rating_only,25.833333333333332,27.833333333333332,2.0,0.3333333333333333,0.16666666666666666,-0.16666666666666666,1500.0,1501.626142499868,40,,-37.41800072186129,-35.28800803388169,-13.070139930034983,-12.56981822289618,-20.110214337275806,-16.66128712511105,0.011904761904761904,0.005208333333333333
42,rating_history,25.833333333333332,27.833333333333332,2.0,0.3333333333333333,0.16666666666666666,-0.16666666666666666,1500.0,1501.519197829887,40,hole_avoidance,-37.41800072186129,-35.28800803388169,-13.070139930034983,-12.56981822289618,-20.110214337275806,-16.66128712511105,0.011904761904761904,0.005208333333333333
43,control,25.333333333333332,28.0,2.666666666666668,0.16666666666666666,0.0,-0.16666666666666666,1500.0,1500.0,40,,-37.550778554175295,-37.24664764162354,-12.694013112491374,-13.190833541964428,-19.724454365079364,-16.930260699077902,0.005208333333333333,0.0
43,rating_only,25.333333333333332,28.5,3.166666666666668,0.16666666666666666,0.0,-0.16666666666666666,1500.0,1500.0,40,,-37.550778554175295,-36.903944032199966,-12.694013112491374,-13.116981452035446,-19.724454365079364,-16.806236676659832,0.005208333333333333,0.0
43,rating_history,25.333333333333332,26.666666666666668,1.3333333333333357,0.16666666666666666,0.0,-0.16666666666666666,1500.0,1500.0,40,hole_avoidance,-37.550778554175295,-39.4206286407061,-12.694013112491374,-13.366046753790382,-19.724454365079364,-19.030530166337265,0.005208333333333333,0.0
44,control,25.833333333333332,28.666666666666668,2.8333333333333357,0.0,0.0,0.0,1500.0,1468.736306793522,40,,-42.341671578740545,-34.08812698925787,-13.404902249729837,-13.260614146561496,-19.5607623538658,-19.733678763044725,0.0,0.0
44,rating_only,25.833333333333332,28.666666666666668,2.8333333333333357,0.0,0.16666666666666666,0.16666666666666666,1500.0,1515.9660918698307,40,,-42.341671578740545,-37.951627707356295,-13.404902249729837,-14.219693330399672,-19.5607623538658,-21.08061575675591,0.0,0.005376344086021505
44,rating_history,25.833333333333332,28.666666666666668,2.8333333333333357,0.0,0.16666666666666666,0.16666666666666666,1500.0,1515.2976013366472,40,hole_avoidance,-42.341671578740545,-37.951627707356295,-13.404902249729837,-14.219693330399672,-19.5607623538658,-21.08061575675591,0.0,0.005376344086021505
45,control,27.333333333333332,28.166666666666668,0.8333333333333357,0.16666666666666666,0.3333333333333333,0.16666666666666666,1500.0,1516.0,40,,-42.05291111825594,-39.43067528264043,-13.570722759573334,-14.08270527073827,-16.122568917885012,-21.3137158043072,0.005050505050505051,0.011123470522803115
45,rating_only,27.333333333333332,28.166666666666668,0.8333333333333357,0.16666666666666666,0.3333333333333333,0.16666666666666666,1500.0,1515.263693206478,40,,-42.05291111825594,-42.44553153317521,-13.570722759573334,-14.289424071033267,-16.122568917885012,-20.835013379553608,0.005050505050505051,0.011699507389162561
45,rating_history,27.333333333333332,25.5,-1.8333333333333321,0.16666666666666666,0.16666666666666666,0.0,1500.0,1468.736306793522,40,hole_avoidance,-42.05291111825594,-38.68662076053459,-13.570722759573334,-13.329126823687774,-16.122568917885012,-20.103706861526007,0.005050505050505051,0.005952380952380952
46,control,27.833333333333332,27.0,-0.8333333333333321,0.0,0.0,0.0,1500.0,1476.674494046387,40,,-34.49900378237234,-35.76613146113146,-13.44396668451915,-13.608628408628409,-20.78539966021427,-23.99495115995116,0.0,0.0
46,rating_only,27.833333333333332,27.0,-0.8333333333333321,0.0,0.3333333333333333,0.3333333333333333,1500.0,1547.4129940837179,40,,-34.49900378237234,-35.13241079907746,-13.44396668451915,-13.515708859042192,-20.78539966021427,-23.75086555419889,0.0,0.011904761904761904
46,rating_history,27.833333333333332,27.0,-0.8333333333333321,0.0,0.0,0.0,1500.0,1475.912511869895,40,hole_avoidance,-34.49900378237234,-35.76613146113146,-13.44396668451915,-13.608628408628409,-20.78539966021427,-23.99495115995116,0.0,0.0
47,control,27.833333333333332,29.833333333333332,2.0,0.3333333333333333,0.5,0.16666666666666669,1500.0,1537.745708048395,40,,-43.358727556972134,-35.166261805055726,-13.923375587072055,-14.137096865071575,-19.772276021315232,-19.950441031065743,0.010416666666666666,0.015180265654648957
47,rating_only,27.833333333333332,27.333333333333332,-0.5,0.3333333333333333,0.0,-0.3333333333333333,1500.0,1460.5126016161903,40,,-43.358727556972134,-36.59186877737953,-13.923375587072055,-13.642193349263241,-19.772276021315232,-21.499081292313818,0.010416666666666666,0.0
47,rating_history,27.833333333333332,28.0,0.16666666666666785,0.3333333333333333,0.3333333333333333,0.0,1500.0,1501.7416903354147,40,hole_avoidance,-43.358727556972134,-38.838789682539684,-13.923375587072055,-13.291170634920634,-19.772276021315232,-18.155257936507937,0.010416666666666666,0.010416666666666666
48,control,26.5,28.0,1.5,0.0,0.6666666666666666,0.6666666666666666,1500.0,1538.0347387739505,40,,-33.00417624521073,-38.19467672217672,-13.217547892720306,-13.19214849319016,-20.59486590038314,-19.978403156944825,0.0,0.018721846846846846
48,rating_only,26.5,25.166666666666668,-1.3333333333333321,0.0,0.0,0.0,1500.0,1480.788084115733,40,,-33.00417624521073,-41.77157052823719,-13.217547892720306,-13.338150121483455,-20.59486590038314,-19.03020794020794,0.0,0.0
48,rating_history,26.5,27.666666666666668,1.1666666666666679,0.0,0.0,0.0,1500.0,1481.1771771103165,40,hole_avoidance,-33.00417624521073,-32.636228182205194,-13.217547892720306,-12.548744146445296,-20.59486590038314,-17.75180928054491,0.0,0.0
49,control,28.333333333333332,28.333333333333332,0.0,0.0,0.3333333333333333,0.3333333333333333,1500.0,1494.0181186979057,40,,-38.466271961063626,-40.0566706473603,-14.1979925826364,-13.476659968384107,-19.543883068345433,-21.535011731563458,0.0,0.01079763148728666
49,rating_only,28.333333333333332,27.666666666666668,-0.6666666666666643,0.0,0.3333333333333333,0.3333333333333333,1500.0,1498.6650385156836,40,,-38.466271961063626,-40.91751014417681,-14.1979925826364,-13.713050903970444,-19.543883068345433,-20.797663549732516,0.0,0.01079763148728666
49,rating_history,28.333333333333332,27.166666666666668,-1.1666666666666643,0.0,0.3333333333333333,0.3333333333333333,1500.0,1507.3168427864107,40,hole_avoidance,-38.466271961063626,-38.759835703512174,-14.1979925826364,-13.439314982403218,-19.543883068345433,-21.32745169862817,0.0,0.00980392156862745
