replicate,condition,pre_primary,post_primary,improvement,pre_lines_cleared,post_lines_cleared,lines_improvement,pre_elo,training_steps,tutorial,pre_hole_avoidance,pre_stack_height_management,pre_surface_smoothness,pre_line_clearing_efficiency,post_hole_avoidance,post_stack_height_management,post_surface_smoothness,post_line_clearing_efficiency
0,control,26.666666666666668,27.333333333333332,0.6666666666666643,0.0,0.0,0.0,1500.0,40,ordinary_practice,-39.24547650625237,-13.90790787756305,-19.447558629110354,0.0,-38.7613403412254,-13.600255427841635,-19.3240609752104,0.0
0,rating_only,26.666666666666668,26.666666666666668,0.0,0.0,0.0,0.0,1500.0,40,rating_tier_board,-39.24547650625237,-13.90790787756305,-19.447558629110354,0.0,-37.61543209876543,-13.042260208926876,-18.377445394112062,0.0
0,rating_history,26.666666666666668,29.0,2.333333333333332,0.0,0.3333333333333333,0.3333333333333333,1500.0,40,height_management,-39.24547650625237,-13.90790787756305,-19.447558629110354,0.0,-32.594353376611444,-13.011168341813503,-21.192620999072613,0.01075268817204301
1,control,25.833333333333332,29.0,3.166666666666668,0.0,0.16666666666666666,0.16666666666666666,1500.0,40,ordinary_practice,-38.166073304922634,-13.3854765291347,-18.695511278243664,0.0,-33.71614015572859,-12.956201952787048,-18.639849215177357,0.005747126436781609
1,rating_only,25.833333333333332,27.0,1.1666666666666679,0.0,0.16666666666666666,0.16666666666666666,1500.0,40,rating_tier_board,-38.166073304922634,-13.3854765291347,-18.695511278243664,0.0,-35.09775395866882,-13.7453166935051,-20.397779119699408,0.007246376811594203
1,rating_history,25.833333333333332,30.166666666666668,4.333333333333336,0.0,0.3333333333333333,0.3333333333333333,1500.0,40,hole_management,-38.166073304922634,-13.3854765291347,-18.695511278243664,0.0,-30.38303229337712,-12.764646049990878,-19.49706714103266,0.010376756066411238
2,control,25.166666666666668,28.333333333333332,3.1666666666666643,0.0,0.3333333333333333,0.3333333333333333,1500.0,40,ordinary_practice,-42.50197737669627,-13.97342674816438,-22.556185849383002,0.0,-36.445018673688615,-12.678044530487261,-16.717697482248674,0.009259259259259259
2,rating_only,25.166666666666668,28.5,3.333333333333332,0.0,0.16666666666666666,0.16666666666666666,1500.0,40,rating_tier_board,-42.50197737669627,-13.97342674816438,-22.556185849383002,0.0,-37.255469965764085,-13.360651519867206,-19.467732129888994,0.005555555555555556
2,rating_history,25.166666666666668,27.833333333333332,2.6666666666666643,0.0,0.0,0.0,1500.0,40,surface_management,-42.50197737669627,-13.97342674816438,-22.556185849383002,0.0,-37.65910811022207,-13.361783146658452,-19.227464403998717,0.0
3,control,29.333333333333332,28.166666666666668,-1.1666666666666643,0.5,0.16666666666666666,-0.33333333333333337,1500.0,40,ordinary_practice,-35.35633762264978,-13.415799885744601,-19.726048288954335,0.014217342342342343,-34.205925539977265,-13.177983690160413,-20.07404069828639,0.005208333333333333
3,rating_only,29.333333333333332,28.5,-0.8333333333333321,0.5,0.0,-0.5,1500.0,40,rating_tier_board,-35.35633762264978,-13.415799885744601,-19.726048288954335,0.014217342342342343,-37.040238882980816,-13.013157765173894,-17.29561768876285,0.0
3,rating_history,29.333333333333332,27.833333333333332,-1.5,0.5,0.0,-0.5,1500.0,40,hole_management,-35.35633762264978,-13.415799885744601,-19.726048288954335,0.014217342342342343,-38.20177145682151,-12.795377535886434,-16.950993740840794,0.0
4,control,26.333333333333332,26.833333333333332,0.5,0.0,0.3333333333333333,0.3333333333333333,1500.0,40,ordinary_practice,-39.66891491622674,-13.375159189675319,-17.918774699016634,0.0,-40.69583994708995,-13.549239417989417,-20.429462081128747,0.010416666666666666
4,rating_only,26.333333333333332,25.5,-0.8333333333333321,0.0,0.0,0.0,1500.0,40,rating_tier_board,-39.66891491622674,-13.375159189675319,-17.918774699016634,0.0,-39.73348537861979,-13.349621380212778,-19.937296893667863,0.0
4,rating_history,26.333333333333332,24.666666666666668,-1.6666666666666643,0.0,0.16666666666666666,0.16666666666666666,1500.0,40,surface_management,-39.66891491622674,-13.375159189675319,-17.918774699016634,0.0,-37.41938758934373,-12.876201365236453,-17.65270101892909,0.006410256410256411
5,control,26.833333333333332,28.833333333333332,2.0,0.3333333333333333,0.16666666666666666,-0.16666666666666666,1500.0,40,ordinary_practice,-43.54729673449362,-13.719079348671489,-19.68789624086621,0.01075268817204301,-37.4492117078324,-13.492350082867324,-17.72639955829611,0.005952380952380952
5,rating_only,26.833333333333332,27.166666666666668,0.3333333333333357,0.3333333333333333,0.0,-0.3333333333333333,1500.0,40,rating_tier_board,-43.54729673449362,-13.719079348671489,-19.68789624086621,0.01075268817204301,-37.61185262587561,-13.389018388058062,-17.393547325935163,0.0
5,rating_history,26.833333333333332,25.0,-1.8333333333333321,0.3333333333333333,0.0,-0.3333333333333333,1500.0,40,height_management,-43.54729673449362,-13.719079348671489,-19.68789624086621,0.01075268817204301,-36.354713247741806,-12.575159574823363,-17.301203286250708,0.0
6,control,24.333333333333332,26.0,1.6666666666666679,0.0,0.0,0.0,1500.0,40,ordinary_practice,-42.48104277633263,-13.312396775259094,-17.207430116850407,0.0,-37.42232120155461,-13.681864988558353,-22.9338454832734,0.0
6,rating_only,24.333333333333332,26.166666666666668,1.8333333333333357,0.0,0.0,0.0,1500.0,40,rating_tier_board,-42.48104277633263,-13.312396775259094,-17.207430116850407,0.0,-35.199072611975836,-13.398313156377672,-22.084340927889315,0.0
6,rating_history,24.333333333333332,25.666666666666668,1.3333333333333357,0.0,0.0,0.0,1500.0,40,hole_management,-42.48104277633263,-13.312396775259094,-17.207430116850407,0.0,-36.332220078771805,-13.136477775098465,-19.860408327304878,0.0
7,control,27.0,27.833333333333332,0.8333333333333321,0.0,0.0,0.0,1500.0,40,ordinary_practice,-35.416180131596796,-13.270361552028218,-20.365542752001087,0.0,-35.87810846560846,-13.135736331569664,-19.78070987654321,0.0
7,rating_only,27.0,27.833333333333332,0.8333333333333321,0.0,0.0,0.0,1500.0,40,rating_tier_board,-35.416180131596796,-13.270361552028218,-20.365542752001087,0.0,-34.55205026455027,-13.139594356261023,-19.98529541446208,0.0
7,rating_history,27.0,29.5,2.5,0.0,0.5,0.5,1500.0,40,surface_management,-35.416180131596796,-13.270361552028218,-20.365542752001087,0.0,-37.298151188955785,-13.139223377729126,-17.63860001216323,0.01521164021164021
8,control,27.333333333333332,27.833333333333332,0.5,0.0,0.5,0.5,1500.0,40,ordinary_practice,-36.11479708863517,-13.170644668508237,-19.647030742870324,0.0,-34.96634671575502,-13.060076487035639,-20.573806730319703,0.015793010752688172
8,rating_only,27.333333333333332,26.0,-1.3333333333333321,0.0,0.0,0.0,1500.0,40,rating_tier_board,-36.11479708863517,-13.170644668508237,-19.647030742870324,0.0,-39.844170164565824,-13.84338778412128,-20.146352843825838,0.0
8,rating_history,27.333333333333332,26.333333333333332,-1.0,0.0,0.0,0.0,1500.0,40,height_management,-36.11479708863517,-13.170644668508237,-19.647030742870324,0.0,-40.736050061050065,-13.293772893772895,-17.79471916971917,0.0
9,control,25.833333333333332,28.5,2.666666666666668,0.16666666666666666,0.0,-0.16666666666666666,1500.0,40,ordinary_practice,-37.65054746938241,-13.855930449049374,-20.19057678534005,0.006410256410256411,-35.79932282812149,-13.896355133626175,-20.14421203756762,0.0
9,rating_only,25.833333333333332,29.0,3.166666666666668,0.16666666666666666,0.3333333333333333,0.16666666666666666,1500.0,40,rating_tier_board,-37.65054746938241,-13.855930449049374,-20.19057678534005,0.006410256410256411,-37.66311075156459,-13.947502162897045,-19.48171840765834,0.010426849136526556
9,rating_history,25.833333333333332,28.666666666666668,2.8333333333333357,0.16666666666666666,0.16666666666666666,0.0,1500.0,40,surface_management,-37.65054746938241,-13.855930449049374,-20.19057678534005,0.006410256410256411,-36.002974910394265,-13.447885304659497,-18.042759856630823,0.005376344086021505
10,control,26.666666666666668,28.166666666666668,1.5,0.5,0.16666666666666666,-0.33333333333333337,1500.0,40,ordinary_practice,-45.827008547008546,-13.482385392385392,-16.926324786324788,0.016511266511266512,-40.347852416400805,-13.344730985860018,-15.882519004293197,0.005555555555555556
10,rating_only,26.666666666666668,27.0,0.33333333333333215,0.5,0.5,0.0,1500.0,40,rating_tier_board,-45.827008547008546,-13.482385392385392,-16.926324786324788,0.016511266511266512,-36.931678666161424,-13.25525872594838,-19.327803039872006,0.01746031746031746
10,rating_history,26.666666666666668,27.333333333333332,0.6666666666666643,0.5,0.5,0.0,1500.0,40,hole_management,-45.827008547008546,-13.482385392385392,-16.926324786324788,0.016511266511266512,-39.872710167537754,-13.19030782203196,-15.72981955809542,0.013513513513513514
11,control,27.833333333333332,28.0,0.16666666666666785,0.0,0.3333333333333333,0.3333333333333333,1500.0,40,ordinary_practice,-35.922238361893534,-13.315895003251326,-18.975948264166654,0.0,-37.55700297999149,-13.228439270393293,-18.284310836034976,0.011302681992337164
11,rating_only,27.833333333333332,26.333333333333332,-1.5,0.0,0.16666666666666666,0.16666666666666666,1500.0,40,rating_tier_board,-35.922238361893534,-13.315895003251326,-18.975948264166654,0.0,-39.72228697228697,-13.339457927693221,-18.391106896008857,0.004901960784313725
11,rating_history,27.833333333333332,27.666666666666668,-0.1666666666666643,0.0,0.16666666666666666,0.16666666666666666,1500.0,40,hole_management,-35.922238361893534,-13.315895003251326,-18.975948264166654,0.0,-36.673345057720056,-13.370441518358184,-19.59351200497034,0.005555555555555556
12,control,29.0,29.0,0.0,0.3333333333333333,0.0,-0.3333333333333333,1500.0,40,ordinary_practice,-39.12265834523899,-13.404364989848862,-18.50579157998513,0.010426849136526556,-40.463975775495385,-13.807588313103018,-16.985607946882457,0.0
12,rating_only,29.0,30.833333333333332,1.8333333333333321,0.3333333333333333,0.5,0.16666666666666669,1500.0,40,rating_tier_board,-39.12265834523899,-13.404364989848862,-18.50579157998513,0.010426849136526556,-35.94809870184633,-13.335983102918586,-17.356632330351495,0.014705882352941176
12,rating_history,29.0,29.0,0.0,0.3333333333333333,0.0,-0.3333333333333333,1500.0,40,height_management,-39.12265834523899,-13.404364989848862,-18.50579157998513,0.010426849136526556,-36.74443339227822,-13.426115479348237,-18.3638820470717,0.0
13,control,28.333333333333332,26.333333333333332,-2.0,0.0,0.16666666666666666,0.16666666666666666,1500.0,40,ordinary_practice,-33.48412698412698,-12.777821869488536,-18.8413139329806,0.0,-39.9193220359887,-13.859137282470616,-20.72975135975136,0.005050505050505051
13,rating_only,28.333333333333332,26.333333333333332,-2.0,0.0,0.16666666666666666,0.16666666666666666,1500.0,40,rating_tier_board,-33.48412698412698,-12.777821869488536,-18.8413139329806,0.0,-39.80821092487759,-13.859137282470616,-20.761497391497393,0.005050505050505051
13,rating_history,28.333333333333332,27.666666666666668,-0.6666666666666643,0.0,0.0,0.0,1500.0,40,hole_management,-33.48412698412698,-12.777821869488536,-18.8413139329806,0.0,-37.52173265219242,-12.963035030103995,-18.433906829653957,0.0
14,control,26.5,25.0,-1.5,0.0,0.0,0.0,1500.0,40,ordinary_practice,-41.17545109211776,-13.244301994301996,-16.716761633428302,0.0,-42.72807834991743,-13.342420085236178,-16.344198489888146,0.0
14,rating_only,26.5,26.0,-0.5,0.0,0.16666666666666666,0.16666666666666666,1500.0,40,rating_tier_board,-41.17545109211776,-13.244301994301996,-16.716761633428302,0.0,-40.905761975544586,-13.353823090489756,-19.04634979620487,0.005952380952380952
14,rating_history,26.5,24.833333333333332,-1.6666666666666679,0.0,0.16666666666666666,0.16666666666666666,1500.0,40,height_management,-41.17545109211776,-13.244301994301996,-16.716761633428302,0.0,-41.3327653961712,-13.565351851583735,-19.594552991292122,0.007575757575757576
15,control,26.666666666666668,27.833333333333332,1.1666666666666643,0.16666666666666666,0.3333333333333333,0.16666666666666666,1500.0,40,ordinary_practice,-38.53372236958444,-13.094836427939876,-16.38499557913351,0.006666666666666667,-37.24873187589212,-13.517274530993259,-18.383993439010343,0.00980392156862745
15,rating_only,26.666666666666668,27.833333333333332,1.1666666666666643,0.16666666666666666,0.3333333333333333,0.16666666666666666,1500.0,40,rating_tier_board,-38.53372236958444,-13.094836427939876,-16.38499557913351,0.006666666666666667,-37.24873187589212,-13.517274530993259,-18.383993439010343,0.00980392156862745
15,rating_history,26.666666666666668,26.333333333333332,-0.3333333333333357,0.16666666666666666,0.16666666666666666,0.0,1500.0,40,surface_management,-38.53372236958444,-13.094836427939876,-16.38499557913351,0.006666666666666667,-39.84704664162997,-13.455122377622377,-20.42957459207459,0.006410256410256411
16,control,26.5,27.0,0.5,0.16666666666666666,0.0,-0.16666666666666666,1500.0,40,ordinary_practice,-42.29479424550545,-13.629842547565248,-16.679551936994464,0.005208333333333333,-38.45705654498758,-13.494057092332955,-22.211618458170182,0.0
16,rating_only,26.5,24.833333333333332,-1.6666666666666679,0.16666666666666666,0.0,-0.16666666666666666,1500.0,40,rating_tier_board,-42.29479424550545,-13.629842547565248,-16.679551936994464,0.005208333333333333,-41.64145644478978,-12.902692091858759,-18.848772554605887,0.0
16,rating_history,26.5,28.833333333333332,2.333333333333332,0.16666666666666666,0.3333333333333333,0.16666666666666666,1500.0,40,height_management,-42.29479424550545,-13.629842547565248,-16.679551936994464,0.005208333333333333,-37.616525141525145,-13.072011322011322,-18.664574314574313,0.010606060606060607
17,control,25.5,29.833333333333332,4.333333333333332,0.0,0.3333333333333333,0.3333333333333333,1500.0,40,ordinary_practice,-35.337750983584314,-13.15979005562339,-22.799959299959298,0.0,-34.46636036047303,-12.76689119597907,-17.927897086562965,0.010416666666666666
17,rating_only,25.5,29.0,3.5,0.0,0.5,0.5,1500.0,40,rating_tier_board,-35.337750983584314,-13.15979005562339,-22.799959299959298,0.0,-38.202213616000925,-13.194674007029171,-18.763963069881683,0.016537058371735792
17,rating_history,25.5,29.0,3.5,0.0,0.5,0.5,1500.0,40,height_management,-35.337750983584314,-13.15979005562339,-22.799959299959298,0.0,-38.35653460365525,-13.194674007029171,-18.67137047728909,0.016537058371735792
18,control,29.166666666666668,29.333333333333332,0.1666666666666643,0.3333333333333333,0.5,0.16666666666666669,1500.0,40,ordinary_practice,-38.6558862821766,-13.549431614532422,-16.358946521668297,0.010763888888888889,-37.15272525027809,-13.831625429391465,-17.735099208801472,0.01692552767821585
18,rating_only,29.166666666666668,26.0,-3.166666666666668,0.3333333333333333,0.16666666666666666,-0.16666666666666666,1500.0,40,rating_tier_board,-38.6558862821766,-13.549431614532422,-16.358946521668297,0.010763888888888889,-38.66361416361416,-13.969398656898656,-20.606532356532355,0.006944444444444444
18,rating_history,29.166666666666668,25.333333333333332,-3.8333333333333357,0.3333333333333333,0.0,-0.3333333333333333,1500.0,40,surface_management,-38.6558862821766,-13.549431614532422,-16.358946521668297,0.010763888888888889,-42.54692760942761,-13.417708834375501,-18.67881192881193,0.0
19,control,25.833333333333332,26.5,0.6666666666666679,0.0,0.3333333333333333,0.3333333333333333,1500.0,40,ordinary_practice,-36.799667862261565,-13.220304319942,-20.128747490316705,0.0,-40.091591502881826,-13.537766902551848,-19.78716778044735,0.012345679012345678
19,rating_only,25.833333333333332,24.666666666666668,-1.1666666666666643,0.0,0.0,0.0,1500.0,40,rating_tier_board,-36.799667862261565,-13.220304319942,-20.128747490316705,0.0,-37.32323954780851,-13.012307376531515,-20.736658456486044,0.0
19,rating_history,25.833333333333332,26.333333333333332,0.5,0.0,0.0,0.0,1500.0,40,height_management,-36.799667862261565,-13.220304319942,-20.128747490316705,0.0,-36.02941981390257,-13.042970120556328,-20.980206096585405,0.0
20,control,28.166666666666668,27.833333333333332,-0.3333333333333357,0.16666666666666666,0.0,-0.16666666666666666,1500.0,40,ordinary_practice,-40.640424082090746,-13.170833333333334,-17.219903399070066,0.005555555555555556,-39.73909748829289,-13.307258407833121,-18.316164325244785,0.0
20,rating_only,28.166666666666668,26.666666666666668,-1.5,0.16666666666666666,0.0,-0.16666666666666666,1500.0,40,rating_tier_board,-40.640424082090746,-13.170833333333334,-17.219903399070066,0.005555555555555556,-41.10258637063235,-13.010740249533352,-16.703115482856862,0.0
20,rating_history,28.166666666666668,26.666666666666668,-1.5,0.16666666666666666,0.0,-0.16666666666666666,1500.0,40,hole_management,-40.640424082090746,-13.170833333333334,-17.219903399070066,0.005555555555555556,-40.94135180273111,-13.070740249533353,-17.391757458165504,0.0
21,control,28.0,30.0,2.0,0.5,0.3333333333333333,-0.16666666666666669,1500.0,40,ordinary_practice,-39.3215949282616,-13.36583917250584,-18.49536202869536,0.013513513513513514,-34.91785664181497,-13.132407908449576,-16.428300865800868,0.010101010101010102
21,rating_only,28.0,27.166666666666668,-0.8333333333333321,0.5,0.0,-0.5,1500.0,40,rating_tier_board,-39.3215949282616,-13.36583917250584,-18.49536202869536,0.013513513513513514,-33.622708333333335,-12.529751984126984,-17.546160714285715,0.0
21,rating_history,28.0,28.5,0.5,0.5,0.16666666666666666,-0.33333333333333337,1500.0,40,height_management,-39.3215949282616,-13.36583917250584,-18.49536202869536,0.013513513513513514,-36.696105664488016,-12.881917909613989,-18.464731718898385,0.005555555555555556
22,control,29.833333333333332,30.833333333333332,1.0,0.0,0.5,0.5,1500.0,40,ordinary_practice,-33.47846593937703,-13.296694955121257,-18.21374932476183,0.0,-32.147765680201026,-13.149381904015524,-16.144530122655123,0.015151515151515152
22,rating_only,29.833333333333332,30.833333333333332,1.0,0.0,0.3333333333333333,0.3333333333333333,1500.0,40,rating_tier_board,-33.47846593937703,-13.296694955121257,-18.21374932476183,0.0,-31.935151636538595,-12.946896363122725,-15.535600096588,0.010258838383838384
22,rating_history,29.833333333333332,30.833333333333332,1.0,0.0,0.3333333333333333,0.3333333333333333,1500.0,40,hole_management,-33.47846593937703,-13.296694955121257,-18.21374932476183,0.0,-31.935151636538595,-12.946896363122725,-15.535600096588,0.010258838383838384
23,control,27.5,28.833333333333332,1.3333333333333321,0.0,0.16666666666666666,0.16666666666666666,1500.0,40,ordinary_practice,-36.18272577996716,-13.960960591133006,-22.466551724137933,0.0,-37.30597795033418,-13.5444020421551,-18.731629885532833,0.005208333333333333
23,rating_only,27.5,29.5,2.0,0.0,0.16666666666666666,0.16666666666666666,1500.0,40,rating_tier_board,-36.18272577996716,-13.960960591133006,-22.466551724137933,0.0,-35.499251204203766,-13.594298804716262,-20.680609643361066,0.005376344086021505
23,rating_history,27.5,29.5,2.0,0.0,0.16666666666666666,0.16666666666666666,1500.0,40,hole_management,-36.18272577996716,-13.960960591133006,-22.466551724137933,0.0,-35.499251204203766,-13.594298804716262,-20.680609643361066,0.005376344086021505
24,control,27.333333333333332,28.666666666666668,1.3333333333333357,0.0,0.16666666666666666,0.16666666666666666,1500.0,40,ordinary_practice,-39.468234697401364,-13.254586462919796,-18.483596650263316,0.0,-34.47115472142354,-13.240085054332365,-19.517273885015822,0.005555555555555556
24,rating_only,27.333333333333332,27.0,-0.33333333333333215,0.0,0.16666666666666666,0.16666666666666666,1500.0,40,rating_tier_board,-39.468234697401364,-13.254586462919796,-18.483596650263316,0.0,-35.21485829836405,-13.03597275436356,-21.381098035638264,0.005747126436781609
24,rating_history,27.333333333333332,28.666666666666668,1.3333333333333357,0.0,0.16666666666666666,0.16666666666666666,1500.0,40,height_management,-39.468234697401364,-13.254586462919796,-18.483596650263316,0.0,-34.47115472142354,-13.240085054332365,-19.517273885015822,0.005555555555555556
25,control,28.5,29.0,0.5,0.16666666666666666,0.16666666666666666,0.0,1500.0,40,ordinary_practice,-34.34405802796607,-13.03924151625301,-20.794686475720958,0.005050505050505051,-36.33990147783251,-13.226960180623973,-18.582717569786535,0.005208333333333333
25,rating_only,28.5,27.833333333333332,-0.6666666666666679,0.16666666666666666,0.16666666666666666,0.0,1500.0,40,rating_tier_board,-34.34405802796607,-13.03924151625301,-20.794686475720958,0.005050505050505051,-35.74986471861472,-12.848062677265263,-17.33112684729064,0.005952380952380952
25,rating_history,28.5,28.0,-0.5,0.16666666666666666,0.0,-0.16666666666666666,1500.0,40,hole_management,-34.34405802796607,-13.03924151625301,-20.794686475720958,0.005050505050505051,-31.38990468313049,-12.853556264524006,-22.49324175824176,0.0
26,control,26.166666666666668,26.333333333333332,0.1666666666666643,0.16666666666666666,0.3333333333333333,0.16666666666666666,1500.0,40,ordinary_practice,-38.632874779541446,-13.005167548500882,-19.10126984126984,0.0047619047619047615,-39.725266886603556,-12.907005459007683,-17.04239255917046,0.011123470522803115
26,rating_only,26.166666666666668,25.5,-0.6666666666666679,0.16666666666666666,0.0,-0.16666666666666666,1500.0,40,rating_tier_board,-38.632874779541446,-13.005167548500882,-19.10126984126984,0.0047619047619047615,-41.548231907652195,-13.484128045867177,-18.475513911745796,0.0
26,rating_history,26.166666666666668,28.833333333333332,2.6666666666666643,0.16666666666666666,0.3333333333333333,0.16666666666666666,1500.0,40,height_management,-38.632874779541446,-13.005167548500882,-19.10126984126984,0.0047619047619047615,-37.901794861231274,-13.43575234485505,-17.841867507106663,0.011302681992337164
27,control,26.833333333333332,29.0,2.166666666666668,0.0,0.16666666666666666,0.16666666666666666,1500.0,40,ordinary_practice,-37.33907734985321,-13.23801500223914,-19.552344255361497,0.0,-37.30054563492064,-13.487448107448108,-19.31424526862027,0.0047619047619047615
27,rating_only,26.833333333333332,29.0,2.166666666666668,0.0,0.16666666666666666,0.16666666666666666,1500.0,40,rating_tier_board,-37.33907734985321,-13.23801500223914,-19.552344255361497,0.0,-37.306955891330894,-13.487448107448108,-19.288604242979243,0.0047619047619047615
27,rating_history,26.833333333333332,29.0,2.166666666666668,0.0,0.16666666666666666,0.16666666666666666,1500.0,40,hole_management,-37.33907734985321,-13.23801500223914,-19.552344255361497,0.0,-37.30054563492064,-13.487448107448108,-19.31424526862027,0.0047619047619047615
28,control,28.5,27.0,-1.5,0.0,0.16666666666666666,0.16666666666666666,1500.0,40,ordinary_practice,-32.70335033242894,-12.858471003446903,-19.592251973091795,0.0,-39.06519159852493,-13.692957351290685,-20.41163620330287,0.005952380952380952
28,rating_only,28.5,27.666666666666668,-0.8333333333333321,0.0,0.0,0.0,1500.0,40,rating_tier_board,-32.70335033242894,-12.858471003446903,-19.592251973091795,0.0,-37.78102380872125,-13.918487432725476,-20.719363140738743,0.0
28,rating_history,28.5,27.0,-1.5,0.0,0.0,0.0,1500.0,40,surface_management,-32.70335033242894,-12.858471003446903,-19.592251973091795,0.0,-37.766499488351066,-13.24792484710026,-20.130573701244614,0.0
29,control,27.166666666666668,24.166666666666668,-3.0,0.5,0.0,-0.5,1500.0,40,ordinary_practice,-38.59575868575869,-13.704498556998557,-22.255735791985792,0.01597222222222222,-42.12409420289855,-12.983460815888352,-18.502012882447666,0.0
29,rating_only,27.166666666666668,26.333333333333332,-0.8333333333333357,0.5,0.16666666666666666,-0.33333333333333337,1500.0,40,rating_tier_board,-38.59575868575869,-13.704498556998557,-22.255735791985792,0.01597222222222222,-43.40200727881887,-13.378659317065114,-17.86263146408074,0.005952380952380952
29,rating_history,27.166666666666668,27.333333333333332,0.1666666666666643,0.5,0.16666666666666666,-0.33333333333333337,1500.0,40,hole_management,-38.59575868575869,-13.704498556998557,-22.255735791985792,0.01597222222222222,-37.42866442199775,-13.017351290684624,-18.27988776655443,0.005050505050505051
30,control,29.5,26.833333333333332,-2.666666666666668,0.3333333333333333,0.16666666666666666,-0.16666666666666666,1500.0,40,ordinary_practice,-35.657480112583,-13.378496640085906,-20.078323212058613,0.010138248847926266,-39.92104484489542,-12.940104861081872,-17.714752361304086,0.005747126436781609
30,rating_only,29.5,27.333333333333332,-2.166666666666668,0.3333333333333333,0.0,-0.3333333333333333,1500.0,40,rating_tier_board,-35.657480112583,-13.378496640085906,-20.078323212058613,0.010138248847926266,-39.5409827363994,-14.29485059693393,-21.91317977547144,0.0
30,rating_history,29.5,27.0,-2.5,0.3333333333333333,0.0,-0.3333333333333333,1500.0,40,hole_management,-35.657480112583,-13.378496640085906,-20.078323212058613,0.010138248847926266,-40.21089772599455,-13.275126989567894,-20.614297358977208,0.0
31,control,27.166666666666668,27.5,0.33333333333333215,0.0,0.3333333333333333,0.3333333333333333,1500.0,40,ordinary_practice,-33.5518870784388,-13.114143615005684,-20.520387773146393,0.0,-40.87784261338025,-13.626352204147903,-21.606609489674007,0.01075268817204301
31,rating_only,27.166666666666668,28.166666666666668,1.0,0.0,0.3333333333333333,0.3333333333333333,1500.0,40,rating_tier_board,-33.5518870784388,-13.114143615005684,-20.520387773146393,0.0,-39.6297351652728,-14.024612277407977,-21.991926949991466,0.01075268817204301
31,rating_history,27.166666666666668,25.333333333333332,-1.8333333333333357,0.0,0.0,0.0,1500.0,40,hole_management,-33.5518870784388,-13.114143615005684,-20.520387773146393,0.0,-39.304761904761904,-13.757261904761904,-22.28984126984127,0.0
32,control,27.666666666666668,27.166666666666668,-0.5,0.5,0.16666666666666666,-0.33333333333333337,1500.0,40,ordinary_practice,-40.171438657960394,-13.621299351401653,-17.558942210105894,0.015359477124183006,-41.33275608278482,-13.42642030569473,-17.976367910240036,0.005208333333333333
32,rating_only,27.666666666666668,25.666666666666668,-2.0,0.5,0.16666666666666666,-0.33333333333333337,1500.0,40,rating_tier_board,-40.171438657960394,-13.621299351401653,-17.558942210105894,0.015359477124183006,-44.452238733488734,-13.860224844599845,-19.645663364413366,0.005208333333333333
32,rating_history,27.666666666666668,25.666666666666668,-2.0,0.5,0.16666666666666666,-0.33333333333333337,1500.0,40,surface_management,-40.171438657960394,-13.621299351401653,-17.558942210105894,0.015359477124183006,-44.53557206682207,-13.860224844599845,-19.37483003108003,0.005208333333333333
33,control,26.333333333333332,27.166666666666668,0.8333333333333357,0.0,0.16666666666666666,0.16666666666666666,1500.0,40,ordinary_practice,-37.462519332519335,-13.390673585673586,-19.54133903133903,0.0,-37.94206246074062,-13.224843855590983,-17.17552049376762,0.005747126436781609
33,rating_only,26.333333333333332,27.166666666666668,0.8333333333333357,0.0,0.0,0.0,1500.0,40,rating_tier_board,-37.462519332519335,-13.390673585673586,-19.54133903133903,0.0,-40.619399314765694,-13.199245689655172,-18.578505747126435,0.0
33,rating_history,26.333333333333332,28.833333333333332,2.5,0.0,0.0,0.0,1500.0,40,hole_management,-37.462519332519335,-13.390673585673586,-19.54133903133903,0.0,-34.91280779405779,-13.316480972730973,-19.193039021164022,0.0
34,control,27.0,28.0,1.0,0.0,0.16666666666666666,0.16666666666666666,1500.0,40,ordinary_practice,-36.79963162086818,-12.735556408943506,-16.84348153837401,0.0,-39.286552903488385,-13.856666382204017,-19.22790983409263,0.005376344086021505
34,rating_only,27.0,28.666666666666668,1.6666666666666679,0.0,0.3333333333333333,0.3333333333333333,1500.0,40,rating_tier_board,-36.79963162086818,-12.735556408943506,-16.84348153837401,0.0,-39.40783266539315,-13.938511620299254,-18.960796738854533,0.010584677419354838
34,rating_history,27.0,27.333333333333332,0.33333333333333215,0.0,0.0,0.0,1500.0,40,height_management,-36.79963162086818,-12.735556408943506,-16.84348153837401,0.0,-37.988100213962284,-13.509160322436184,-20.051732596905012,0.0
35,control,27.166666666666668,27.166666666666668,0.0,0.16666666666666666,0.0,-0.16666666666666666,1500.0,40,ordinary_practice,-40.137579572955914,-13.585829121097937,-18.200850718377602,0.005376344086021505,-35.64156894616665,-13.009288285150355,-19.585974689422965,0.0
35,rating_only,27.166666666666668,28.166666666666668,1.0,0.16666666666666666,0.6666666666666666,0.5,1500.0,40,rating_tier_board,-40.137579572955914,-13.585829121097937,-18.200850718377602,0.005376344086021505,-38.11589303118908,-13.770696997122435,-21.55317112225007,0.020419973544973543
35,rating_history,27.166666666666668,28.166666666666668,1.0,0.16666666666666666,0.6666666666666666,0.5,1500.0,40,hole_management,-40.137579572955914,-13.585829121097937,-18.200850718377602,0.005376344086021505,-38.11589303118908,-13.770696997122435,-21.55317112225007,0.020419973544973543
36,control,27.333333333333332,27.0,-0.33333333333333215,0.16666666666666666,0.16666666666666666,0.0,1500.0,40,ordinary_practice,-34.276778872468526,-13.070409140667762,-19.167385057471265,0.005555555555555556,-38.93052731113076,-13.424040098896421,-18.36433547827226,0.005747126436781609
36,rating_only,27.333333333333332,25.833333333333332,-1.5,0.16666666666666666,0.0,-0.16666666666666666,1500.0,40,rating_tier_board,-34.276778872468526,-13.070409140667762,-19.167385057471265,0.005555555555555556,-42.26013273125342,-13.267030651340995,-18.00755062944718,0.0
36,rating_history,27.333333333333332,25.833333333333332,-1.5,0.16666666666666666,0.0,-0.16666666666666666,1500.0,40,hole_management,-34.276778872468526,-13.070409140667762,-19.167385057471265,0.005555555555555556,-42.26013273125342,-13.267030651340995,-18.00755062944718,0.0
37,control,28.333333333333332,28.0,-0.33333333333333215,0.0,0.16666666666666666,0.16666666666666666,1500.0,40,ordinary_practice,-35.52395326572931,-13.495389733448688,-19.778041602172117,0.0,-36.49813412827062,-13.184953294364213,-19.11690623260307,0.005208333333333333
37,rating_only,28.333333333333332,27.666666666666668,-0.6666666666666643,0.0,0.0,0.0,1500.0,40,rating_tier_board,-35.52395326572931,-13.495389733448688,-19.778041602172117,0.0,-39.777737003311714,-13.682756685630249,-20.88241542408209,0.0
37,rating_history,28.333333333333332,28.0,-0.33333333333333215,0.0,0.3333333333333333,0.3333333333333333,1500.0,40,surface_management,-35.52395326572931,-13.495389733448688,-19.778041602172117,0.0,-38.95754241775747,-13.091606163649175,-17.68696986008814,0.01075268817204301
38,control,27.333333333333332,26.0,-1.3333333333333321,0.0,0.0,0.0,1500.0,40,ordinary_practice,-37.86673004071966,-13.233926516037476,-17.483336982696173,0.0,-38.35302090417033,-12.807328926926628,-16.799197807301255,0.0
38,rating_only,27.333333333333332,28.0,0.6666666666666679,0.0,0.3333333333333333,0.3333333333333333,1500.0,40,rating_tier_board,-37.86673004071966,-13.233926516037476,-17.483336982696173,0.0,-35.74672868592159,-13.145112410217358,-19.080632821562357,0.009523809523809523
38,rating_history,27.333333333333332,28.0,0.6666666666666679,0.0,0.3333333333333333,0.3333333333333333,1500.0,40,hole_management,-37.86673004071966,-13.233926516037476,-17.483336982696173,0.0,-35.57499147251771,-13.145112410217358,-19.27838414431368,0.009523809523809523
39,control,26.166666666666668,25.166666666666668,-1.0,0.0,0.5,0.5,1500.0,40,ordinary_practice,-37.577867481603114,-13.686895639481847,-20.30481435869367,0.0,-42.59559257946355,-13.66859860569538,-20.551875812359683,0.018315018315018316
39,rating_only,26.166666666666668,26.666666666666668,0.5,0.0,0.3333333333333333,0.3333333333333333,1500.0,40,rating_tier_board,-37.577867481603114,-13.686895639481847,-20.30481435869367,0.0,-45.16621719271523,-14.018749017905085,-18.21742595853202,0.011123470522803115
39,rating_history,26.166666666666668,25.166666666666668,-1.0,0.0,0.0,0.0,1500.0,40,surface_management,-37.577867481603114,-13.686895639481847,-20.30481435869367,0.0,-42.79268879268879,-13.422158088824755,-19.731721981721982,0.0
40,control,29.0,26.666666666666668,-2.333333333333332,0.3333333333333333,0.0,-0.3333333333333333,1500.0,40,ordinary_practice,-39.360187465790915,-13.539475954813598,-17.696291354983885,0.011160714285714286,-33.35108122576888,-12.375091300503595,-16.260188281927412,0.0
40,rating_only,29.0,28.0,-1.0,0.3333333333333333,0.0,-0.3333333333333333,1500.0,40,rating_tier_board,-39.360187465790915,-13.539475954813598,-17.696291354983885,0.011160714285714286,-36.34432234432234,-12.779246794871796,-16.733630952380953,0.0
40,rating_history,29.0,26.166666666666668,-2.833333333333332,0.3333333333333333,0.0,-0.3333333333333333,1500.0,40,surface_management,-39.360187465790915,-13.539475954813598,-17.696291354983885,0.011160714285714286,-39.12328720662054,-13.2163546330213,-18.003561253561255,0.0
41,control,25.666666666666668,27.333333333333332,1.6666666666666643,0.0,0.16666666666666666,0.16666666666666666,1500.0,40,ordinary_practice,-41.51061793815417,-13.01315632837372,-17.543687324484427,0.0,-39.658135473509034,-13.350487634970394,-17.575837396958086,0.005050505050505051
41,rating_only,25.666666666666668,25.833333333333332,0.1666666666666643,0.0,0.16666666666666666,0.16666666666666666,1500.0,40,rating_tier_board,-41.51061793815417,-13.01315632837372,-17.543687324484427,0.0,-39.18495646116336,-12.992987634970394,-16.376763322884013,0.005050505050505051
41,rating_history,25.666666666666668,25.833333333333332,0.1666666666666643,0.0,0.0,0.0,1500.0,40,surface_management,-41.51061793815417,-13.01315632837372,-17.543687324484427,0.0,-36.06711429999286,-12.75179802955665,-18.72029996906309,0.0
42,control,27.166666666666668,26.5,-0.6666666666666679,0.0,0.0,0.0,1500.0,40,ordinary_practice,-39.61418803418803,-13.593988603988604,-17.29807217473884,0.0,-38.28438766547462,-13.536131579772885,-19.777559602233517,0.0
42,rating_only,27.166666666666668,26.166666666666668,-1.0,0.0,0.0,0.0,1500.0,40,rating_tier_board,-39.61418803418803,-13.593988603988604,-17.29807217473884,0.0,-37.40204005140287,-13.72403381642512,-19.497053556555056,0.0
42,rating_history,27.166666666666668,25.666666666666668,-1.5,0.0,0.0,0.0,1500.0,40,height_management,-39.61418803418803,-13.593988603988604,-17.29807217473884,0.0,-36.55476765585461,-13.195444143007862,-19.788411581246415,0.0
43,control,28.833333333333332,27.5,-1.3333333333333321,0.5,0.0,-0.5,1500.0,40,ordinary_practice,-39.26231203394718,-13.851543827847127,-19.641738007937487,0.016308243727598565,-36.7257005137984,-13.076673719378576,-19.875960797123202,0.0
43,rating_only,28.833333333333332,26.166666666666668,-2.6666666666666643,0.5,0.16666666666666666,-0.33333333333333337,1500.0,40,rating_tier_board,-39.26231203394718,-13.851543827847127,-19.641738007937487,0.016308243727598565,-38.19184981684982,-13.001051417718084,-18.27035002035002,0.005952380952380952
43,rating_history,28.833333333333332,28.166666666666668,-0.6666666666666643,0.5,0.3333333333333333,-0.16666666666666669,1500.0,40,surface_management,-39.26231203394718,-13.851543827847127,-19.641738007937487,0.016308243727598565,-36.90551512763901,-13.736998502825811,-20.29918554285907,0.010584677419354838
44,control,27.5,27.833333333333332,0.33333333333333215,0.16666666666666666,0.16666666666666666,0.0,1500.0,40,ordinary_practice,-41.12869142351901,-13.36579133510168,-17.642664308871204,0.005747126436781609,-40.048511377525095,-13.339427553248466,-17.134524986610636,0.005555555555555556
44,rating_only,27.5,27.166666666666668,-0.33333333333333215,0.16666666666666666,0.0,-0.16666666666666666,1500.0,40,rating_tier_board,-41.12869142351901,-13.36579133510168,-17.642664308871204,0.005747126436781609,-36.32733475549568,-12.634355746424712,-16.41959227447733,0.0
44,rating_history,27.5,28.5,1.0,0.16666666666666666,0.0,-0.16666666666666666,1500.0,40,height_management,-41.12869142351901,-13.36579133510168,-17.642664308871204,0.005747126436781609,-38.15105347007461,-13.00880968754532,-15.913768667578456,0.0
45,control,28.833333333333332,29.166666666666668,0.3333333333333357,0.3333333333333333,0.3333333333333333,0.0,1500.0,40,ordinary_practice,-36.79871012740984,-13.602756872225264,-18.18467927081433,0.009970238095238095,-32.11651326650423,-12.845201171495665,-19.98586693548387,0.011160714285714286
45,rating_only,28.833333333333332,29.166666666666668,0.3333333333333357,0.3333333333333333,0.16666666666666666,-0.16666666666666666,1500.0,40,rating_tier_board,-36.79871012740984,-13.602756872225264,-18.18467927081433,0.009970238095238095,-32.68693319060167,-13.2396347889367,-18.0938868566258,0.005952380952380952
45,rating_history,28.833333333333332,29.166666666666668,0.3333333333333357,0.3333333333333333,0.16666666666666666,-0.16666666666666666,1500.0,40,surface_management,-36.79871012740984,-13.602756872225264,-18.18467927081433,0.009970238095238095,-33.07823753842776,-13.304852180241049,-18.33301729140841,0.005952380952380952
46,control,26.833333333333332,26.833333333333332,0.0,0.3333333333333333,0.0,-0.3333333333333333,1500.0,40,ordinary_practice,-38.67639082321761,-13.086211410141985,-18.02479514991787,0.010138248847926266,-40.62059829059829,-13.115897435897436,-17.016837606837605,0.0
46,rating_only,26.833333333333332,27.166666666666668,0.3333333333333357,0.3333333333333333,0.0,-0.3333333333333333,1500.0,40,rating_tier_board,-38.67639082321761,-13.086211410141985,-18.02479514991787,0.010138248847926266,-37.056061089825455,-13.407121986144976,-17.132000561167228,0.0
46,rating_history,26.833333333333332,27.333333333333332,0.5,0.3333333333333333,0.16666666666666666,-0.16666666666666666,1500.0,40,surface_management,-38.67639082321761,-13.086211410141985,-18.02479514991787,0.010138248847926266,-39.643530269014136,-13.110725215644571,-16.81569114577179,0.005376344086021505
47,control,27.333333333333332,25.666666666666668,-1.6666666666666643,0.0,0.0,0.0,1500.0,40,ordinary_practice,-36.97069597069597,-13.128663003663004,-19.28937728937729,0.0,-40.40952216865261,-13.899893753589406,-22.63206081358255,0.0
47,rating_only,27.333333333333332,26.5,-0.8333333333333321,0.0,0.0,0.0,1500.0,40,rating_tier_board,-36.97069597069597,-13.128663003663004,-19.28937728937729,0.0,-34.51490847169008,-13.453846481317745,-22.1651766709238,0.0
47,rating_history,27.333333333333332,26.5,-0.8333333333333321,0.0,0.0,0.0,1500.0,40,hole_management,-36.97069597069597,-13.128663003663004,-19.28937728937729,0.0,-34.51490847169008,-13.453846481317745,-22.1651766709238,0.0
48,control,28.5,28.333333333333332,-0.16666666666666785,0.16666666666666666,0.3333333333333333,0.16666666666666666,1500.0,40,ordinary_practice,-34.462800671894655,-13.34260270568587,-19.57878436766199,0.005747126436781609,-34.81096340935051,-13.103562566465792,-19.296091811414392,0.009523809523809523
48,rating_only,28.5,28.0,-0.5,0.16666666666666666,0.16666666666666666,0.0,1500.0,40,rating_tier_board,-34.462800671894655,-13.34260270568587,-19.57878436766199,0.005747126436781609,-34.11599846390169,-13.26989247311828,-20.36599078341014,0.005376344086021505
48,rating_history,28.5,28.0,-0.5,0.16666666666666666,0.16666666666666666,0.0,1500.0,40,hole_management,-34.462800671894655,-13.34260270568587,-19.57878436766199,0.005747126436781609,-34.11599846390169,-13.26989247311828,-20.36599078341014,0.005376344086021505
49,control,26.666666666666668,26.166666666666668,-0.5,0.16666666666666666,0.0,-0.16666666666666666,1500.0,40,ordinary_practice,-35.773482430411775,-13.208782877079978,-21.437362453032744,0.005208333333333333,-36.02849385492439,-13.333344901623262,-20.8286227256742,0.0
49,rating_only,26.666666666666668,25.0,-1.6666666666666679,0.16666666666666666,0.0,-0.16666666666666666,1500.0,40,rating_tier_board,-35.773482430411775,-13.208782877079978,-21.437362453032744,0.005208333333333333,-41.13612990810359,-13.87734544695071,-22.836338763575604,0.0
49,rating_history,26.666666666666668,26.166666666666668,-0.5,0.16666666666666666,0.0,-0.16666666666666666,1500.0,40,height_management,-35.773482430411775,-13.208782877079978,-21.437362453032744,0.005208333333333333,-37.228497688986195,-12.683854831843338,-19.316852155932615,0.0
